{
    "accuracy": 0.9649561952440551,
    "classification_report": {
        "0": {
            "precision": 0.9746300211416491,
            "recall": 0.9787685774946921,
            "f1-score": 0.9766949152542372,
            "support": 471.0
        },
        "1": {
            "precision": 1.0,
            "recall": 0.8666666666666667,
            "f1-score": 0.9285714285714286,
            "support": 30.0
        },
        "2": {
            "precision": 0.9440559440559441,
            "recall": 0.996309963099631,
            "f1-score": 0.9694793536804309,
            "support": 271.0
        },
        "3": {
            "precision": 1.0,
            "recall": 0.5185185185185185,
            "f1-score": 0.6829268292682927,
            "support": 27.0
        },
        "accuracy": 0.9649561952440551,
        "macro avg": {
            "precision": 0.9796714912993983,
            "recall": 0.8400659314448772,
            "f1-score": 0.8894181316935974,
            "support": 799.0
        },
        "weighted avg": {
            "precision": 0.96606996345041,
            "recall": 0.9649561952440551,
            "f1-score": 0.9625136134912757,
            "support": 799.0
        }
    },
    "confusion_matrix": [
        [
            461,
            0,
            10,
            0
        ],
        [
            3,
            26,
            1,
            0
        ],
        [
            1,
            0,
            270,
            0
        ],
        [
            8,
            0,
            5,
            14
        ]
    ]
}